,,
AlbertGaming,0,Day: 21 Mounth: 4 Hour: 11 Min: 1
AlbertGaming,850,Day: 21 Mounth: 4 Hour: 11 Min: 2
AlbertGaming,850,Day: 21 Mounth: 4 Hour: 11 Min: 2
AlbertGaming,850,Day: 21 Mounth: 4 Hour: 11 Min: 2
AlbertGaming,850,Day: 21 Mounth: 4 Hour: 11 Min: 2
AlbertGaming,850,Day: 21 Mounth: 4 Hour: 11 Min: 2
AlbertGaming,1000,Day: 21 Mounth: 4 Hour: 11 Min: 2
AlbertGaming,250,Day: 21 Mounth: 4 Hour: 11 Min: 21
AlbertGaming,250,Day: 21 Mounth: 4 Hour: 11 Min: 21
AlbertGaming,250,Day: 21 Mounth: 4 Hour: 11 Min: 21
AlbertGaming,0,Day: 21 Mounth: 4 Hour: 11 Min: 27
AlbertGaming,0,Day: 21 Mounth: 4 Hour: 11 Min: 27
AlbertGaming,0,Day: 21 Mounth: 4 Hour: 11 Min: 27
AlbertGaming,0,Day: 21 Mounth: 4 Hour: 11 Min: 27
AlbertGaming,2250,Day: 21 Mounth: 4 Hour: 11 Min: 30
AlbertGaming,850,Day: 27 Month: 4 Hour: 12 Min: 58
AlbertGaming,850,Day: 27 Month: 4 Hour: 12 Min: 58
AlbertGaming,850,Day: 27 Month: 4 Hour: 12 Min: 58
AlbertGaming,850,Day: 27 Month: 4 Hour: 12 Min: 58
AlbertGaming,850,Day: 27 Month: 4 Hour: 12 Min: 58
AlbertGaming,0,Day: 6 Month: 5 Hour: 10 Min: 37
